,system_id,component_id,event_date,event_time,event_type,system_age,component_age,usage_since_last_event_h,FF,cost_event,cost_cumulated
0,5,979,1970-01-07,13:09:24,inspection,157,157,157,,100,100
1,5,979,1970-01-13,11:31:33,inspection,299,299,142,,100,200
2,5,979,1970-01-20,10:39:14,inspection,466,466,167,,100,300
3,5,979,1970-01-27,17:17:08,replacement,641,641,174,True,1000,1300
4,5,980,1970-02-04,23:38:31,inspection,839,198,198,,100,1400
5,5,980,1970-02-10,23:26:26,inspection,983,342,143,,100,1500
6,5,980,1970-02-17,03:39:24,inspection,1131,490,148,,100,1600
7,5,980,1970-02-19,02:04:17,failure,1178,536,46,,1200,2800
8,5,981,1970-02-23,20:46:16,inspection,1292,114,114,,100,2900
9,5,981,1970-03-04,01:03:56,inspection,1489,310,196,,100,3000
10,5,981,1970-03-12,02:08:16,inspection,1682,504,193,,100,3100
11,5,981,1970-03-18,22:55:19,replacement,1846,668,164,True,1000,4100
12,5,982,1970-03-24,03:16:03,inspection,1971,124,124,,100,4200
13,5,982,1970-03-30,10:48:13,inspection,2122,275,151,,100,4300
14,5,982,1970-04-05,15:53:29,inspection,2271,424,149,,100,4400
15,5,982,1970-04-11,11:58:41,inspection,2411,565,140,,100,4500
16,5,982,1970-04-12,02:03:32,failure,2426,579,14,,1200,5700
17,5,983,1970-04-17,14:00:01,inspection,2558,131,131,,100,5800
18,5,983,1970-04-24,14:49:42,inspection,2726,300,168,,100,5900
19,5,983,1970-05-03,10:35:13,inspection,2938,512,211,,100,6000
20,5,983,1970-05-10,11:44:22,replacement,3107,681,169,True,1000,7000
21,5,984,1970-05-19,01:58:33,inspection,3313,206,206,,100,7100
22,5,984,1970-05-25,14:47:22,inspection,3470,363,156,,100,7200
23,5,984,1970-06-02,07:54:37,inspection,3655,548,185,,100,7300
24,5,984,1970-06-07,00:12:06,failure,3768,660,112,,1200,8500
25,5,985,1970-06-08,23:05:44,inspection,3815,46,46,,100,8600
26,5,985,1970-06-15,18:55:11,inspection,3978,210,163,,100,8700
27,5,985,1970-06-22,04:42:25,failure,4132,364,153,,1200,9900
28,5,986,1970-06-22,17:07:22,inspection,4145,12,12,,100,10000
29,5,986,1970-06-29,04:36:36,inspection,4300,167,155,,100,10100
30,5,986,1970-07-05,19:06:38,failure,4459,326,158,,1200,11300
31,5,987,1970-07-05,19:32:33,inspection,4459,0,0,,100,11400
32,5,987,1970-07-10,02:15:21,inspection,4562,103,102,,100,11500
33,5,987,1970-07-18,16:08:51,inspection,4768,309,205,,100,11600
34,5,987,1970-07-26,00:35:22,inspection,4944,485,176,,100,11700
35,5,987,1970-07-31,21:02:13,inspection,5085,625,140,,100,11800
36,5,987,1970-08-07,19:00:50,replacement,5251,791,165,True,1000,12800
37,5,988,1970-08-13,06:25:26,inspection,5382,131,131,,100,12900
38,5,988,1970-08-17,04:31:16,inspection,5476,225,94,,100,13000
39,5,988,1970-08-23,17:04:21,inspection,5633,382,156,,100,13100
40,5,988,1970-08-30,14:26:45,inspection,5798,547,165,,100,13200
41,5,988,1970-09-03,02:59:31,failure,5882,631,84,,1200,14400
42,5,989,1970-09-06,09:54:47,inspection,5961,78,78,,100,14500
43,5,989,1970-09-13,18:17:39,inspection,6138,255,176,,100,14600
44,5,989,1970-09-20,18:15:49,inspection,6306,423,167,,100,14700
45,5,989,1970-09-28,22:52:50,inspection,6502,619,196,,100,14800
46,5,989,1970-10-06,22:38:26,replacement,6694,811,191,True,1000,15800
47,5,990,1970-10-14,19:23:10,inspection,6883,188,188,,100,15900
48,5,990,1970-10-21,16:13:46,failure,7048,353,164,,1200,17100
49,5,991,1970-10-21,19:52:18,inspection,7051,3,3,,100,17200
50,5,991,1970-10-29,21:21:29,inspection,7245,197,193,,100,17300
51,5,991,1970-11-06,04:19:49,inspection,7420,372,174,,100,17400
52,5,991,1970-11-14,15:48:13,inspection,7623,575,203,,100,17500
53,5,991,1970-11-20,01:20:47,failure,7753,705,129,,1200,18700
54,5,992,1970-11-21,21:22:15,inspection,7797,44,44,,100,18800
55,5,992,1970-11-25,13:52:39,failure,7885,132,88,,1200,20000
56,5,993,1970-11-27,16:41:16,inspection,7936,50,50,,100,20100
57,5,993,1970-12-04,05:55:19,inspection,8093,208,157,,100,20200
58,5,993,1970-12-12,00:31:26,inspection,8280,394,186,,100,20300
59,5,993,1970-12-14,06:29:28,failure,8334,448,53,,1200,21500
60,5,994,1970-12-19,20:47:15,inspection,8468,134,134,,100,21600
61,5,994,1970-12-26,12:38:55,inspection,8628,294,159,,100,21700
62,5,994,1971-01-02,13:31:58,inspection,8797,463,168,,100,21800
63,5,994,1971-01-08,19:57:38,replacement,8947,613,150,False,1000,22800
64,5,995,1971-01-13,05:55:06,inspection,9053,105,105,,100,22900
65,5,995,1971-01-19,02:53:44,inspection,9194,246,140,,100,23000
66,5,995,1971-01-26,21:11:15,inspection,9381,433,186,,100,23100
67,5,995,1971-01-30,09:16:20,failure,9465,517,84,,1200,24300
68,5,996,1971-02-03,14:39:34,inspection,9566,101,101,,100,24400
69,5,996,1971-02-09,22:40:51,inspection,9718,253,152,,100,24500
70,5,996,1971-02-16,23:00:12,inspection,9887,421,168,,100,24600
71,5,996,1971-02-22,09:45:29,inspection,10017,552,130,,100,24700
72,5,996,1971-03-02,17:03:35,replacement,10217,751,199,True,1000,25700
73,5,997,1971-03-11,13:15:54,inspection,10429,212,212,,100,25800
74,5,997,1971-03-16,23:15:01,inspection,10559,342,129,,100,25900
75,5,997,1971-03-23,17:59:15,inspection,10721,504,162,,100,26000
76,5,997,1971-03-29,19:24:12,inspection,10867,650,145,,100,26100
77,5,997,1971-03-30,14:45:21,failure,10886,669,19,,1200,27300
78,5,998,1971-04-06,10:46:30,failure,11050,164,164,,1200,28500
79,5,999,1971-04-07,12:51:09,inspection,11076,26,26,,100,28600
80,5,999,1971-04-13,13:48:23,inspection,11221,171,144,,100,28700
81,5,999,1971-04-20,10:08:43,inspection,11386,335,164,,100,28800
82,5,999,1971-04-27,18:02:59,inspection,11562,511,175,,100,28900
83,5,999,1971-05-01,05:40:07,failure,11645,594,83,,1200,30100
84,5,1000,1971-05-06,01:56:29,inspection,11761,116,116,,100,30200
85,5,1000,1971-05-13,03:43:28,inspection,11931,286,169,,100,30300
86,5,1000,1971-05-20,18:17:10,inspection,12114,468,182,,100,30400
87,5,1000,1971-05-29,08:39:50,replacement,12320,674,206,True,1000,31400
88,5,1001,1971-06-05,13:25:21,inspection,12493,172,172,,100,31500
89,5,1001,1971-06-13,14:01:30,inspection,12686,365,192,,100,31600
90,5,1001,1971-06-20,10:14:43,inspection,12850,529,164,,100,31700
91,5,1001,1971-06-22,08:35:17,failure,12896,575,46,,1200,32900
92,5,1002,1971-06-26,00:06:20,inspection,12984,87,87,,100,33000
93,5,1002,1971-07-03,21:50:16,inspection,13173,277,189,,100,33100
94,5,1002,1971-07-07,20:49:44,inspection,13268,372,94,,100,33200
95,5,1002,1971-07-16,13:04:12,inspection,13477,580,208,,100,33300
96,5,1002,1971-07-23,13:01:43,replacement,13645,748,167,True,1000,34300
97,5,1003,1971-07-31,20:33:56,inspection,13844,199,199,,100,34400
98,5,1003,1971-08-07,01:18:42,inspection,13993,348,148,,100,34500
99,5,1003,1971-08-14,17:51:30,inspection,14177,532,184,,100,34600
100,5,1003,1971-08-20,00:32:25,replacement,14304,659,126,True,1000,35600
101,5,1004,1971-08-27,23:18:24,inspection,14495,190,190,,100,35700
102,5,1004,1971-08-31,09:20:39,failure,14577,272,82,,1200,36900
103,5,1005,1971-09-03,16:00:20,inspection,14656,78,78,,100,37000
104,5,1005,1971-09-11,02:47:42,inspection,14834,257,178,,100,37100
105,5,1005,1971-09-17,01:05:36,inspection,14977,399,142,,100,37200
106,5,1005,1971-09-23,06:55:54,inspection,15126,549,149,,100,37300
107,5,1005,1971-09-30,05:29:32,replacement,15293,716,166,True,1000,38300
108,5,1006,1971-10-06,16:45:21,inspection,15448,155,155,,100,38400
109,5,1006,1971-10-10,01:53:12,failure,15529,236,81,,1200,39600
110,5,1007,1971-10-14,03:06:11,inspection,15627,97,97,,100,39700
111,5,1007,1971-10-22,08:57:06,inspection,15824,295,197,,100,39800
112,5,1007,1971-10-29,02:13:00,inspection,15986,456,161,,100,39900
113,5,1007,1971-11-03,16:10:33,inspection,16120,590,133,,100,40000
114,5,1007,1971-11-09,08:52:12,replacement,16256,726,136,True,1000,41000
115,5,1008,1971-11-16,13:21:16,inspection,16429,172,172,,100,41100
116,5,1008,1971-11-21,08:02:23,inspection,16544,287,114,,100,41200
117,5,1008,1971-11-28,11:32:21,inspection,16715,458,171,,100,41300
118,5,1008,1971-12-06,08:21:56,replacement,16904,647,188,True,1000,42300
119,5,1009,1971-12-12,06:43:42,inspection,17046,142,142,,100,42400
120,5,1009,1971-12-19,19:22:26,inspection,17227,323,180,,100,42500
121,5,1009,1971-12-25,01:05:07,inspection,17353,448,125,,100,42600
122,5,1009,1971-12-31,21:42:18,inspection,17517,613,164,,100,42700
123,5,1009,1972-01-02,22:26:30,failure,17566,662,48,,1200,43900
124,5,1010,1972-01-07,13:31:20,inspection,17677,111,111,,100,44000
125,5,1010,1972-01-13,11:56:16,inspection,17819,253,142,,100,44100
126,5,1010,1972-01-19,18:10:21,inspection,17970,403,150,,100,44200
127,5,1010,1972-01-24,12:23:45,failure,18084,517,114,,1200,45400
128,5,1011,1972-01-27,17:41:52,inspection,18161,77,77,,100,45500
129,5,1011,1972-02-03,22:44:15,inspection,18334,250,173,,100,45600
130,5,1011,1972-02-11,11:42:51,inspection,18515,431,180,,100,45700
131,5,1011,1972-02-18,20:41:04,replacement,18692,608,176,False,1000,46700
132,5,1012,1972-02-25,03:09:38,inspection,18843,150,150,,100,46800
133,5,1012,1972-03-04,00:37:23,inspection,19032,339,189,,100,46900
134,5,1012,1972-03-10,13:18:44,inspection,19189,496,156,,100,47000
135,5,1012,1972-03-15,22:24:18,replacement,19318,625,129,False,1000,48000
136,5,1013,1972-03-22,16:44:19,inspection,19480,162,162,,100,48100
137,5,1013,1972-03-31,02:40:31,inspection,19682,364,201,,100,48200
138,5,1013,1972-04-05,09:55:32,inspection,19809,491,127,,100,48300
139,5,1013,1972-04-12,05:30:56,replacement,19973,655,163,True,1000,49300
140,5,1014,1972-04-18,10:13:32,inspection,20122,148,148,,100,49400
141,5,1014,1972-04-25,15:25:58,inspection,20295,321,173,,100,49500
142,5,1014,1972-05-01,13:53:39,inspection,20437,464,142,,100,49600
143,5,1014,1972-05-04,00:07:10,failure,20496,522,58,,1200,50800
144,5,1015,1972-05-08,03:56:42,inspection,20595,99,99,,100,50900
145,5,1015,1972-05-16,22:20:00,inspection,20806,310,210,,100,51000
146,5,1015,1972-05-23,14:00:03,inspection,20966,469,159,,100,51100
147,5,1015,1972-05-27,02:40:03,failure,21050,554,84,,1200,52300
148,5,1016,1972-05-30,03:53:27,inspection,21123,73,73,,100,52400
149,5,1016,1972-06-06,05:47:06,inspection,21293,243,169,,100,52500
150,5,1016,1972-06-12,06:38:18,inspection,21438,387,144,,100,52600
151,5,1016,1972-06-18,13:08:51,inspection,21589,538,150,,100,52700
152,5,1016,1972-06-25,06:38:17,replacement,21750,699,161,True,1000,53700
153,5,1017,1972-07-01,10:11:32,inspection,21898,147,147,,100,53800
154,5,1017,1972-07-09,00:22:02,inspection,22080,329,182,,100,53900
155,5,1017,1972-07-15,15:04:55,inspection,22239,488,158,,100,54000
156,5,1017,1972-07-20,16:13:01,failure,22360,609,121,,1200,55200
157,5,1018,1972-07-23,06:40:19,inspection,22422,62,62,,100,55300
158,5,1018,1972-07-29,21:10:55,inspection,22581,220,158,,100,55400
159,5,1018,1972-08-03,13:32:16,inspection,22693,333,112,,100,55500
160,5,1018,1972-08-09,21:56:38,inspection,22845,485,152,,100,55600
161,5,1018,1972-08-18,15:52:03,replacement,23055,695,209,True,1000,56600
162,5,1019,1972-08-25,10:19:49,inspection,23218,162,162,,100,56700
163,5,1019,1972-08-30,19:27:20,inspection,23347,291,129,,100,56800
164,5,1019,1972-09-06,19:35:51,inspection,23515,459,168,,100,56900
165,5,1019,1972-09-13,18:45:06,inspection,23682,626,167,,100,57000
166,5,1019,1972-09-19,18:45:48,replacement,23826,770,144,True,1000,58000
167,5,1020,1972-09-26,13:03:09,inspection,23989,162,162,,100,58100
168,5,1020,1972-10-03,05:32:11,inspection,24149,322,160,,100,58200
169,5,1020,1972-10-10,07:05:24,inspection,24319,492,169,,100,58300
170,5,1020,1972-10-17,15:20:30,failure,24495,668,176,,1200,59500
171,5,1021,1972-10-18,11:19:51,inspection,24515,19,19,,100,59600
172,5,1021,1972-10-25,02:13:02,inspection,24674,178,158,,100,59700
173,5,1021,1972-10-31,11:12:44,inspection,24827,331,152,,100,59800
174,5,1021,1972-11-08,08:14:54,inspection,25016,520,189,,100,59900
175,5,1021,1972-11-14,02:24:55,failure,25154,659,138,,1200,61100
176,5,1022,1972-11-15,21:18:15,inspection,25197,42,42,,100,61200
177,5,1022,1972-11-21,10:09:01,inspection,25330,175,132,,100,61300
178,5,1022,1972-11-27,12:24:08,failure,25476,321,146,,1200,62500
179,5,1023,1972-11-28,07:16:00,inspection,25495,18,18,,100,62600
180,5,1023,1972-12-07,21:54:43,inspection,25725,249,230,,100,62700
181,5,1023,1972-12-13,19:27:52,inspection,25867,391,141,,100,62800
182,5,1023,1972-12-19,03:49:40,failure,25995,519,128,,1200,64000
183,5,1024,1972-12-21,10:09:01,inspection,26050,54,54,,100,64100
184,5,1024,1972-12-27,02:38:46,inspection,26186,190,136,,100,64200
185,5,1024,1973-01-01,02:41:42,inspection,26306,310,120,,100,64300
186,5,1024,1973-01-04,10:00:51,failure,26386,390,79,,1200,65500
187,5,1025,1973-01-08,22:37:09,inspection,26494,108,108,,100,65600
188,5,1025,1973-01-16,02:32:42,inspection,26666,280,171,,100,65700
189,5,1025,1973-01-21,20:02:09,inspection,26804,418,137,,100,65800
190,5,1025,1973-01-28,11:53:06,inspection,26963,577,159,,100,65900
191,5,1025,1973-02-04,17:36:15,replacement,27137,751,173,True,1000,66900
192,5,1026,1973-02-12,05:25:49,inspection,27317,179,179,,100,67000
193,5,1026,1973-02-18,03:51:07,inspection,27459,322,142,,100,67100
194,5,1026,1973-02-24,18:55:11,inspection,27618,481,159,,100,67200
195,5,1026,1973-03-05,16:51:44,replacement,27832,695,213,True,1000,68200
196,5,1027,1973-03-13,08:44:21,inspection,28016,183,183,,100,68300
197,5,1027,1973-03-20,07:07:14,inspection,28183,350,166,,100,68400
198,5,1027,1973-03-28,02:48:53,inspection,28370,537,187,,100,68500
199,5,1027,1973-04-02,18:51:34,inspection,28506,673,136,,100,68600
200,5,1027,1973-04-09,00:50:49,replacement,28656,823,149,True,1000,69600
201,5,1028,1973-04-16,10:19:14,inspection,28834,177,177,,100,69700
202,5,1028,1973-04-16,19:22:56,failure,28843,186,9,,1200,70900
203,5,1029,1973-04-24,23:34:22,inspection,29039,196,196,,100,71000
204,5,1029,1973-05-01,21:16:31,inspection,29205,361,165,,100,71100
205,5,1029,1973-05-04,08:20:08,failure,29264,420,59,,1200,72300
206,5,1030,1973-05-08,22:56:43,inspection,29374,110,110,,100,72400
207,5,1030,1973-05-16,23:46:41,inspection,29567,303,192,,100,72500
208,5,1030,1973-05-24,17:31:52,inspection,29753,489,185,,100,72600
209,5,1030,1973-05-29,01:01:08,inspection,29857,592,103,,100,72700
210,5,1030,1973-05-30,21:03:48,failure,29901,636,44,,1200,73900
211,5,1031,1973-06-03,15:34:55,inspection,29991,90,90,,100,74000
212,5,1031,1973-06-10,23:13:48,inspection,30167,266,175,,100,74100
213,5,1031,1973-06-17,17:36:20,inspection,30329,428,162,,100,74200
214,5,1031,1973-06-24,08:28:49,failure,30488,587,158,,1200,75400
215,5,1032,1973-06-24,08:36:37,inspection,30488,0,0,,100,75500
216,5,1032,1973-07-01,02:31:07,inspection,30650,162,161,,100,75600
217,5,1032,1973-07-08,23:45:25,inspection,30839,351,189,,100,75700
218,5,1032,1973-07-14,13:09:32,failure,30973,484,133,,1200,76900
219,5,1033,1973-07-17,18:40:56,inspection,31050,77,77,,100,77000
220,5,1033,1973-07-23,10:19:37,inspection,31186,213,135,,100,77100
221,5,1033,1973-07-29,01:52:03,inspection,31321,348,135,,100,77200
222,5,1033,1973-08-06,17:16:17,inspection,31529,556,207,,100,77300
223,5,1033,1973-08-13,02:33:40,replacement,31682,709,153,True,1000,78300
224,5,1034,1973-08-19,18:17:05,inspection,31842,159,159,,100,78400
225,5,1034,1973-08-28,04:40:43,inspection,32044,362,202,,100,78500
226,5,1034,1973-09-02,22:56:19,inspection,32182,500,138,,100,78600
227,5,1034,1973-09-09,05:52:59,replacement,32333,651,150,True,1000,79600
228,5,1035,1973-09-16,10:24:30,inspection,32506,172,172,,100,79700
229,5,1035,1973-09-22,19:12:09,inspection,32659,325,152,,100,79800
230,5,1035,1973-09-26,14:28:51,failure,32750,416,91,,1200,81000
231,5,1036,1973-09-29,20:26:16,inspection,32828,77,77,,100,81100
232,5,1036,1973-10-06,08:44:22,inspection,32984,234,156,,100,81200
233,5,1036,1973-10-13,02:45:22,inspection,33146,396,162,,100,81300
234,5,1036,1973-10-20,01:05:15,inspection,33313,562,166,,100,81400
235,5,1036,1973-10-25,21:20:16,replacement,33453,702,140,True,1000,82400
236,5,1037,1973-11-03,02:22:53,inspection,33650,197,197,,100,82500
237,5,1037,1973-11-10,06:56:33,inspection,33822,369,172,,100,82600
238,5,1037,1973-11-15,08:00:40,inspection,33944,490,121,,100,82700
239,5,1037,1973-11-23,14:18:25,replacement,34142,688,198,True,1000,83700
240,5,1038,1973-11-29,22:37:26,inspection,34294,152,152,,100,83800
241,5,1038,1973-12-07,15:12:30,inspection,34479,336,184,,100,83900
242,5,1038,1973-12-13,17:03:28,inspection,34625,482,145,,100,84000
243,5,1038,1973-12-22,06:20:34,replacement,34830,688,205,True,1000,85000
244,5,1039,1973-12-29,05:34:45,inspection,34997,167,167,,100,85100
245,5,1039,1974-01-04,02:52:01,inspection,35138,308,141,,100,85200
246,5,1039,1974-01-12,18:05:04,inspection,35346,515,207,,100,85300
247,5,1039,1974-01-19,05:57:43,inspection,35501,671,155,,100,85400
248,5,1039,1974-01-23,03:00:41,failure,35595,764,93,,1200,86600
249,5,1040,1974-01-26,09:30:53,inspection,35673,78,78,,100,86700
250,5,1040,1974-02-02,02:53:18,inspection,35834,239,161,,100,86800
251,5,1040,1974-02-09,12:57:25,inspection,36012,417,178,,100,86900
252,5,1040,1974-02-15,07:37:33,inspection,36151,556,138,,100,87000
253,5,1040,1974-02-22,09:24:37,failure,36321,726,169,,1200,88200
254,5,1041,1974-02-22,16:13:56,inspection,36328,6,6,,100,88300
255,5,1041,1974-03-02,13:59:40,inspection,36517,196,189,,100,88400
256,5,1041,1974-03-11,05:54:57,inspection,36725,404,207,,100,88500
257,5,1041,1974-03-18,08:53:33,replacement,36896,575,170,False,1000,89500
258,5,1042,1974-03-26,14:02:19,inspection,37094,197,197,,100,89600
259,5,1042,1974-04-03,11:59:27,inspection,37283,387,189,,100,89700
260,5,1042,1974-04-09,18:30:47,inspection,37434,537,150,,100,89800
261,5,1042,1974-04-17,08:04:20,inspection,37616,719,181,,100,89900
262,5,1042,1974-04-18,13:54:04,failure,37645,749,29,,1200,91100
263,5,1043,1974-04-25,02:12:35,inspection,37802,156,156,,100,91200
264,5,1043,1974-05-01,04:22:06,inspection,37948,302,146,,100,91300
265,5,1043,1974-05-07,17:28:09,inspection,38105,459,157,,100,91400
266,5,1043,1974-05-14,21:49:46,replacement,38277,631,172,False,1000,92400
267,5,1044,1974-05-22,06:31:07,inspection,38454,176,176,,100,92500
268,5,1044,1974-05-28,17:23:38,inspection,38609,331,154,,100,92600
269,5,1044,1974-06-03,23:12:10,inspection,38759,481,149,,100,92700
270,5,1044,1974-06-11,12:22:24,inspection,38940,662,181,,100,92800
271,5,1044,1974-06-16,07:28:09,failure,39055,777,115,,1200,94000
272,5,1045,1974-06-20,12:09:57,inspection,39156,100,100,,100,94100
273,5,1045,1974-06-26,07:32:16,inspection,39295,240,139,,100,94200
274,5,1045,1974-07-03,22:09:11,inspection,39478,422,182,,100,94300
275,5,1045,1974-07-06,03:02:22,failure,39531,475,52,,1200,95500
276,5,1046,1974-07-10,13:37:23,inspection,39637,106,106,,100,95600
277,5,1046,1974-07-17,09:49:02,inspection,39801,270,164,,100,95700
278,5,1046,1974-07-24,02:45:41,inspection,39962,431,160,,100,95800
279,5,1046,1974-07-31,21:25:27,inspection,40149,618,186,,100,95900
280,5,1046,1974-08-07,11:53:21,replacement,40307,776,158,True,1000,96900
281,5,1047,1974-08-15,15:35:58,inspection,40503,195,195,,100,97000
282,5,1047,1974-08-24,03:10:44,inspection,40707,399,203,,100,97100
283,5,1047,1974-08-28,23:36:55,inspection,40823,515,116,,100,97200
284,5,1047,1974-09-04,00:15:59,replacement,40968,660,144,True,1000,98200
285,5,1048,1974-09-12,10:28:16,inspection,41170,202,202,,100,98300
286,5,1048,1974-09-19,12:07:36,inspection,41340,371,169,,100,98400
287,5,1048,1974-09-26,09:30:58,inspection,41505,537,165,,100,98500
288,5,1048,1974-10-03,09:25:02,replacement,41673,705,167,True,1000,99500
289,5,1049,1974-10-12,09:49:50,inspection,41889,216,216,,100,99600
290,5,1049,1974-10-18,19:52:46,inspection,42043,370,154,,100,99700
291,5,1049,1974-10-25,18:39:49,inspection,42210,537,166,,100,99800
292,5,1049,1974-10-31,04:07:25,inspection,42340,666,129,,100,99900
293,5,1049,1974-11-07,11:11:11,replacement,42515,841,175,True,1000,100900
294,5,1050,1974-11-15,09:15:14,inspection,42705,190,190,,100,101000
295,5,1050,1974-11-22,12:16:43,inspection,42876,361,171,,100,101100
296,5,1050,1974-11-28,19:25:11,inspection,43027,512,151,,100,101200
297,5,1050,1974-12-03,17:53:22,failure,43145,630,118,,1200,102400
298,5,1051,1974-12-06,15:36:01,inspection,43215,69,69,,100,102500
299,5,1051,1974-12-12,02:16:15,inspection,43346,200,130,,100,102600
300,5,1051,1974-12-19,21:35:27,inspection,43533,387,187,,100,102700
301,5,1051,1974-12-26,06:40:40,inspection,43686,540,153,,100,102800
302,5,1051,1975-01-02,03:34:45,replacement,43851,705,164,True,1000,103800
303,5,1052,1975-01-07,15:01:24,failure,43983,131,131,,1200,105000
304,5,1053,1975-01-08,08:09:10,inspection,44000,17,17,,100,105100
305,5,1053,1975-01-14,23:03:48,inspection,44159,176,158,,100,105200
306,5,1053,1975-01-23,19:24:29,inspection,44371,388,212,,100,105300
307,5,1053,1975-01-26,05:38:23,failure,44429,446,58,,1200,106500
308,5,1054,1975-01-31,00:51:26,inspection,44544,115,115,,100,106600
309,5,1054,1975-02-06,20:32:15,inspection,44708,278,163,,100,106700
310,5,1054,1975-02-14,16:22:48,inspection,44896,466,187,,100,106800
311,5,1054,1975-02-20,13:30:55,inspection,45037,607,141,,100,106900
312,5,1054,1975-02-25,06:54:54,replacement,45150,721,113,True,1000,107900
313,5,1055,1975-03-02,13:37:24,inspection,45277,126,126,,100,108000
314,5,1055,1975-03-07,08:00:18,inspection,45392,241,114,,100,108100
315,5,1055,1975-03-14,11:50:43,failure,45563,412,171,,1200,109300
316,5,1056,1975-03-14,16:46:35,inspection,45568,4,4,,100,109400
317,5,1056,1975-03-21,07:10:22,inspection,45727,163,158,,100,109500
318,5,1056,1975-03-27,15:49:45,inspection,45879,315,152,,100,109600
319,5,1056,1975-04-04,12:54:23,inspection,46068,505,189,,100,109700
320,5,1056,1975-04-08,11:06:23,failure,46163,599,94,,1200,110900
321,5,1057,1975-04-10,02:47:02,inspection,46202,39,39,,100,111000
322,5,1057,1975-04-14,13:31:42,inspection,46309,146,106,,100,111100
323,5,1057,1975-04-21,01:23:28,inspection,46465,302,155,,100,111200
324,5,1057,1975-04-27,23:58:23,inspection,46631,468,166,,100,111300
325,5,1057,1975-05-05,10:25:48,replacement,46810,647,178,True,1000,112300
326,5,1058,1975-05-12,01:15:23,inspection,46969,158,158,,100,112400
327,5,1058,1975-05-19,20:29:52,inspection,47156,346,187,,100,112500
328,5,1058,1975-05-24,01:01:01,inspection,47257,446,100,,100,112600
329,5,1058,1975-06-01,13:45:41,inspection,47461,651,204,,100,112700
330,5,1058,1975-06-06,10:47:35,replacement,47578,768,117,True,1000,113700
331,5,1059,1975-06-14,17:15:44,inspection,47777,198,198,,100,113800
332,5,1059,1975-06-15,13:47:57,failure,47797,219,20,,1200,115000
333,5,1060,1975-06-22,00:52:07,inspection,47952,155,155,,100,115100
334,5,1060,1975-06-30,22:06:59,inspection,48166,368,213,,100,115200
335,5,1060,1975-07-09,04:08:34,replacement,48364,566,198,False,1000,116200
336,5,1061,1975-07-15,01:57:40,inspection,48505,141,141,,100,116300
337,5,1061,1975-07-22,02:39:16,inspection,48674,310,168,,100,116400
338,5,1061,1975-07-27,14:10:41,inspection,48806,442,131,,100,116500
339,5,1061,1975-08-04,09:02:45,replacement,48993,628,186,False,1000,117500
340,5,1062,1975-08-11,22:36:10,inspection,49174,181,181,,100,117600
341,5,1062,1975-08-16,18:16:29,inspection,49290,297,115,,100,117700
342,5,1062,1975-08-24,21:33:12,inspection,49485,492,195,,100,117800
343,5,1062,1975-08-29,15:12:56,failure,49599,606,113,,1200,119000
344,5,1063,1975-08-30,15:59:48,inspection,49623,24,24,,100,119100
345,5,1063,1975-09-07,22:59:44,inspection,49822,223,198,,100,119200
346,5,1063,1975-09-15,06:43:46,inspection,49998,399,175,,100,119300
347,5,1063,1975-09-21,04:30:49,inspection,50140,541,141,,100,119400
348,5,1063,1975-09-22,17:32:26,failure,50177,578,37,,1200,120600
349,5,1064,1975-09-26,17:35:24,inspection,50273,96,96,,100,120700
350,5,1064,1975-10-04,20:13:32,inspection,50468,290,194,,100,120800
351,5,1064,1975-10-12,02:02:14,inspection,50642,464,173,,100,120900
352,5,1064,1975-10-18,01:48:59,inspection,50785,608,143,,100,121000
353,5,1064,1975-10-25,13:35:25,replacement,50965,788,179,True,1000,122000
354,5,1065,1975-10-31,06:03:38,inspection,51102,136,136,,100,122100
355,5,1065,1975-11-07,01:32:02,inspection,51265,299,163,,100,122200
356,5,1065,1975-11-13,10:27:40,inspection,51418,452,152,,100,122300
357,5,1065,1975-11-21,01:47:46,replacement,51601,636,183,False,1000,123300
358,5,1066,1975-11-29,12:40:57,inspection,51804,202,202,,100,123400
359,5,1066,1975-12-06,07:06:03,failure,51967,365,162,,1200,124600
360,5,1067,1975-12-07,03:32:47,inspection,51987,20,20,,100,124700
361,5,1067,1975-12-12,19:27:34,inspection,52123,156,135,,100,124800
362,5,1067,1975-12-17,16:27:13,inspection,52240,273,116,,100,124900
363,5,1067,1975-12-24,19:47:43,inspection,52411,444,171,,100,125000
364,5,1067,1975-12-31,03:02:32,inspection,52563,595,151,,100,125100
365,5,1067,1976-01-06,20:08:29,replacement,52724,757,161,True,1000,126100
366,5,1068,1976-01-15,12:39:10,inspection,52932,208,208,,100,126200
367,5,1068,1976-01-23,20:22:05,inspection,53132,408,199,,100,126300
368,5,1068,1976-01-29,19:22:19,inspection,53275,551,143,,100,126400
369,5,1068,1976-01-31,13:27:22,failure,53317,593,42,,1200,127600
370,5,1069,1976-02-05,00:15:17,inspection,53424,106,106,,100,127700
371,5,1069,1976-02-11,07:11:16,inspection,53575,257,150,,100,127800
372,5,1069,1976-02-19,17:29:50,inspection,53777,460,202,,100,127900
373,5,1069,1976-02-22,20:26:49,failure,53852,534,74,,1200,129100
374,5,1070,1976-02-26,03:57:18,inspection,53931,79,79,,100,129200
375,5,1070,1976-03-03,13:14:46,inspection,54085,232,153,,100,129300
376,5,1070,1976-03-10,04:33:50,inspection,54244,392,159,,100,129400
377,5,1070,1976-03-15,11:38:30,failure,54371,519,127,,1200,130600
378,5,1071,1976-03-17,02:27:48,inspection,54410,38,38,,100,130700
379,5,1071,1976-03-25,06:21:09,inspection,54606,234,195,,100,130800
380,5,1071,1976-04-01,12:59:49,inspection,54780,409,174,,100,130900
381,5,1071,1976-04-07,23:18:01,inspection,54935,563,154,,100,131000
382,5,1071,1976-04-11,11:02:04,failure,55019,647,83,,1200,132200
383,5,1072,1976-04-13,18:03:23,inspection,55074,55,55,,100,132300
384,5,1072,1976-04-20,19:34:00,inspection,55243,224,169,,100,132400
385,5,1072,1976-04-28,04:14:13,inspection,55420,401,176,,100,132500
386,5,1072,1976-05-04,21:51:57,inspection,55581,562,161,,100,132600
387,5,1072,1976-05-10,08:47:28,replacement,55712,693,130,True,1000,133600
388,5,1073,1976-05-16,05:58:48,inspection,55853,141,141,,100,133700
389,5,1073,1976-05-22,20:58:26,inspection,56012,300,158,,100,133800
390,5,1073,1976-05-30,11:31:32,inspection,56195,482,182,,100,133900
391,5,1073,1976-06-03,22:19:34,failure,56302,589,106,,1200,135100
392,5,1074,1976-06-06,22:20:00,inspection,56374,72,72,,100,135200
393,5,1074,1976-06-12,14:49:41,inspection,56510,208,136,,100,135300
394,5,1074,1976-06-19,07:40:38,inspection,56671,369,160,,100,135400
395,5,1074,1976-06-27,03:36:38,inspection,56859,557,187,,100,135500
396,5,1074,1976-07-03,06:20:08,replacement,57006,704,146,True,1000,136500
397,5,1075,1976-07-09,20:42:44,inspection,57164,158,158,,100,136600
398,5,1075,1976-07-17,13:36:43,inspection,57349,343,184,,100,136700
399,5,1075,1976-07-24,08:34:10,inspection,57512,506,162,,100,136800
400,5,1075,1976-07-26,03:14:11,failure,57555,548,42,,1200,138000
401,5,1076,1976-07-29,23:58:22,inspection,57647,92,92,,100,138100
402,5,1076,1976-08-05,19:03:08,inspection,57811,255,163,,100,138200
403,5,1076,1976-08-12,04:16:10,inspection,57964,409,153,,100,138300
404,5,1076,1976-08-20,13:03:05,replacement,58165,609,200,False,1000,139300
405,5,1077,1976-08-27,14:07:02,inspection,58334,169,169,,100,139400
406,5,1077,1976-09-04,13:28:50,inspection,58525,360,191,,100,139500
407,5,1077,1976-09-10,19:09:50,inspection,58675,510,149,,100,139600
408,5,1077,1976-09-15,15:24:33,replacement,58791,626,116,False,1000,140600
409,5,1078,1976-09-22,08:03:51,inspection,58952,160,160,,100,140700
410,5,1078,1976-09-30,13:04:05,inspection,59149,357,197,,100,140800
411,5,1078,1976-10-07,15:28:50,inspection,59319,528,170,,100,140900
412,5,1078,1976-10-12,05:37:48,inspection,59429,638,110,,100,141000
413,5,1078,1976-10-19,09:21:09,replacement,59601,809,171,True,1000,142000
414,5,1079,1976-10-27,02:53:40,inspection,59786,185,185,,100,142100
415,5,1079,1976-11-01,08:12:11,inspection,59912,310,125,,100,142200
416,5,1079,1976-11-03,06:42:56,failure,59958,357,46,,1200,143400
417,5,1080,1976-11-08,01:33:33,inspection,60073,114,114,,100,143500
418,5,1080,1976-11-14,16:25:39,inspection,60232,273,158,,100,143600
419,5,1080,1976-11-22,08:39:34,inspection,60416,457,184,,100,143700
420,5,1080,1976-11-27,11:52:52,inspection,60539,581,123,,100,143800
421,5,1080,1976-12-02,05:01:11,failure,60653,694,113,,1200,145000
422,5,1081,1976-12-06,05:38:05,inspection,60749,96,96,,100,145100
423,5,1081,1976-12-13,05:40:29,inspection,60917,264,168,,100,145200
424,5,1081,1976-12-20,00:31:36,inspection,61080,427,162,,100,145300
425,5,1081,1976-12-26,06:15:18,replacement,61230,577,149,False,1000,146300
426,5,1082,1977-01-02,04:16:37,inspection,61396,166,166,,100,146400
427,5,1082,1977-01-10,04:13:17,inspection,61588,357,191,,100,146500
428,5,1082,1977-01-17,17:29:26,inspection,61769,539,181,,100,146600
429,5,1082,1977-01-21,05:05:27,failure,61853,622,83,,1200,147800
430,5,1083,1977-01-23,03:33:29,inspection,61899,46,46,,100,147900
431,5,1083,1977-01-29,05:01:35,inspection,62045,191,145,,100,148000
432,5,1083,1977-02-06,23:29:07,inspection,62255,402,210,,100,148100
433,5,1083,1977-02-12,16:44:08,inspection,62392,539,137,,100,148200
434,5,1083,1977-02-15,23:29:50,failure,62471,618,78,,1200,149400
435,5,1084,1977-02-18,19:59:09,inspection,62539,68,68,,100,149500
436,5,1084,1977-02-25,20:26:06,inspection,62708,236,168,,100,149600
437,5,1084,1977-03-03,01:37:17,inspection,62833,362,125,,100,149700
438,5,1084,1977-03-10,22:36:09,inspection,63022,551,188,,100,149800
439,5,1084,1977-03-19,10:19:35,replacement,63226,754,203,True,1000,150800
440,5,1085,1977-03-25,16:40:31,inspection,63376,150,150,,100,150900
441,5,1085,1977-03-29,01:10:32,failure,63457,230,80,,1200,152100
442,5,1086,1977-04-03,07:22:35,inspection,63583,126,126,,100,152200
443,5,1086,1977-04-10,08:37:53,inspection,63752,295,169,,100,152300
444,5,1086,1977-04-15,10:43:53,inspection,63874,417,122,,100,152400
445,5,1086,1977-04-24,12:46:06,inspection,64092,635,218,,100,152500
446,5,1086,1977-05-03,02:41:46,replacement,64298,841,205,True,1000,153500
447,5,1087,1977-05-11,01:48:55,inspection,64489,191,191,,100,153600
448,5,1087,1977-05-18,18:06:46,inspection,64674,375,184,,100,153700
449,5,1087,1977-05-23,21:11:14,inspection,64797,498,123,,100,153800
450,5,1087,1977-05-31,07:14:51,inspection,64975,676,178,,100,153900
451,5,1087,1977-06-08,16:35:46,replacement,65176,877,201,True,1000,154900
452,5,1088,1977-06-15,11:47:37,inspection,65339,163,163,,100,155000
453,5,1088,1977-06-19,16:30:24,inspection,65440,263,100,,100,155100
454,5,1088,1977-06-25,21:07:17,inspection,65589,412,148,,100,155200
455,5,1088,1977-07-02,10:53:31,inspection,65746,570,157,,100,155300
456,5,1088,1977-07-02,22:11:03,failure,65758,581,11,,1200,156500
457,5,1089,1977-07-09,21:53:33,inspection,65925,167,167,,100,156600
458,5,1089,1977-07-16,20:04:55,inspection,66092,333,166,,100,156700
459,5,1089,1977-07-21,15:54:32,failure,66207,449,115,,1200,157900
460,5,1090,1977-07-24,14:16:36,inspection,66278,70,70,,100,158000
461,5,1090,1977-08-01,19:40:48,inspection,66475,267,197,,100,158100
462,5,1090,1977-08-07,10:23:00,failure,66610,402,134,,1200,159300
463,5,1091,1977-08-08,14:35:04,inspection,66638,28,28,,100,159400
464,5,1091,1977-08-14,11:47:37,inspection,66779,169,141,,100,159500
465,5,1091,1977-08-23,13:06:18,inspection,66997,386,217,,100,159600
466,5,1091,1977-08-30,06:10:18,inspection,67158,547,161,,100,159700
467,5,1091,1977-08-31,13:08:36,failure,67189,578,30,,1200,160900
468,5,1092,1977-09-06,19:50:45,inspection,67339,150,150,,100,161000
469,5,1092,1977-09-15,10:25:22,inspection,67546,357,206,,100,161100
470,5,1092,1977-09-22,03:47:41,failure,67707,518,161,,1200,162300
471,5,1093,1977-09-22,10:15:29,inspection,67714,6,6,,100,162400
472,5,1093,1977-09-29,17:07:35,inspection,67889,181,174,,100,162500
473,5,1093,1977-10-06,22:32:40,inspection,68062,354,173,,100,162600
474,5,1093,1977-10-12,23:26:49,inspection,68207,499,144,,100,162700
475,5,1093,1977-10-20,20:20:41,inspection,68396,688,188,,100,162800
476,5,1093,1977-10-22,04:57:44,failure,68428,721,32,,1200,164000
477,5,1094,1977-10-27,03:31:25,inspection,68547,118,118,,100,164100
478,5,1094,1977-11-01,19:49:28,inspection,68683,254,136,,100,164200
479,5,1094,1977-11-08,01:39:50,inspection,68833,404,149,,100,164300
480,5,1094,1977-11-14,12:15:27,inspection,68988,559,154,,100,164400
481,5,1094,1977-11-21,04:01:43,inspection,69148,719,159,,100,164500
482,5,1094,1977-11-28,13:28:49,replacement,69325,896,177,True,1000,165500
483,5,1095,1977-12-05,22:32:36,inspection,69502,177,177,,100,165600
484,5,1095,1977-12-13,03:53:52,inspection,69675,350,173,,100,165700
485,5,1095,1977-12-20,04:10:59,inspection,69844,518,168,,100,165800
486,5,1095,1977-12-26,23:09:13,replacement,70007,681,162,True,1000,166800
487,5,1096,1978-01-02,20:48:58,inspection,70172,165,165,,100,166900
488,5,1096,1978-01-10,06:33:08,inspection,70350,343,177,,100,167000
489,5,1096,1978-01-16,16:38:21,inspection,70504,497,154,,100,167100
490,5,1096,1978-01-23,01:15:36,inspection,70657,650,152,,100,167200
491,5,1096,1978-01-24,16:45:17,failure,70696,689,39,,1200,168400
492,5,1097,1978-01-28,14:52:29,inspection,70790,94,94,,100,168500
493,5,1097,1978-02-04,17:58:37,inspection,70961,265,171,,100,168600
494,5,1097,1978-02-09,09:26:55,inspection,71073,376,111,,100,168700
495,5,1097,1978-02-09,13:53:38,failure,71077,381,4,,1200,169900
496,5,1098,1978-02-14,22:24:45,inspection,71206,128,128,,100,170000
497,5,1098,1978-02-20,22:35:59,inspection,71350,272,144,,100,170100
498,5,1098,1978-03-01,00:17:11,inspection,71544,466,193,,100,170200
499,5,1098,1978-03-02,12:02:29,failure,71580,502,35,,1200,171400
500,5,1099,1978-03-08,00:50:16,inspection,71712,132,132,,100,171500
501,5,1099,1978-03-14,06:23:47,inspection,71862,282,149,,100,171600
502,5,1099,1978-03-20,09:47:45,inspection,72009,429,147,,100,171700
503,5,1099,1978-03-26,01:59:55,replacement,72145,565,136,False,1000,172700
504,5,1100,1978-04-02,17:34:35,inspection,72329,183,183,,100,172800
505,5,1100,1978-04-08,03:19:11,inspection,72459,313,129,,100,172900
506,5,1100,1978-04-16,16:39:12,inspection,72664,518,205,,100,173000
507,5,1100,1978-04-23,01:42:05,replacement,72817,671,153,True,1000,174000
508,5,1101,1978-04-28,20:44:30,inspection,72956,139,139,,100,174100
509,5,1101,1978-05-06,02:15:12,failure,73130,312,173,,1200,175300
510,5,1102,1978-05-06,10:19:55,inspection,73138,8,8,,100,175400
511,5,1102,1978-05-14,13:08:57,inspection,73333,202,194,,100,175500
512,5,1102,1978-05-23,07:04:06,inspection,73543,412,209,,100,175600
513,5,1102,1978-05-31,07:57:22,inspection,73735,605,192,,100,175700
514,5,1102,1978-06-07,04:54:56,replacement,73900,770,164,True,1000,176700
515,5,1103,1978-06-12,21:06:29,inspection,74037,136,136,,100,176800
516,5,1103,1978-06-19,19:12:11,inspection,74203,302,166,,100,176900
517,5,1103,1978-06-26,14:34:18,inspection,74366,465,163,,100,177000
518,5,1103,1978-06-26,16:20:52,failure,74368,467,1,,1200,178200
519,5,1104,1978-07-03,08:24:33,inspection,74528,160,160,,100,178300
520,5,1104,1978-07-09,19:37:36,inspection,74683,315,155,,100,178400
521,5,1104,1978-07-17,04:57:58,inspection,74860,492,177,,100,178500
522,5,1104,1978-07-20,04:53:59,failure,74932,564,71,,1200,179700
523,5,1105,1978-07-23,11:26:19,inspection,75011,78,78,,100,179800
524,5,1105,1978-07-31,06:53:12,inspection,75198,265,187,,100,179900
525,5,1105,1978-08-03,03:35:53,failure,75267,334,68,,1200,181100
526,5,1106,1978-08-05,12:30:05,inspection,75324,56,56,,100,181200
527,5,1106,1978-08-10,08:19:16,inspection,75440,172,115,,100,181300
528,5,1106,1978-08-19,10:09:32,inspection,75658,390,217,,100,181400
529,5,1106,1978-08-22,09:27:59,failure,75729,461,71,,1200,182600
530,5,1107,1978-08-24,15:24:41,inspection,75783,53,53,,100,182700
531,5,1107,1978-08-29,23:24:54,inspection,75911,181,128,,100,182800
532,5,1107,1978-09-05,22:17:47,inspection,76078,348,166,,100,182900
533,5,1107,1978-09-12,18:38:00,inspection,76242,513,164,,100,183000
534,5,1107,1978-09-18,14:24:07,failure,76382,652,139,,1200,184200
535,5,1108,1978-09-21,06:35:37,inspection,76446,64,64,,100,184300
536,5,1108,1978-09-29,12:57:53,inspection,76644,262,198,,100,184400
537,5,1108,1978-10-07,18:28:34,inspection,76842,460,197,,100,184500
538,5,1108,1978-10-08,02:53:42,failure,76850,468,8,,1200,185700
539,5,1109,1978-10-14,13:46:00,inspection,77005,154,154,,100,185800
540,5,1109,1978-10-14,23:36:10,failure,77015,164,9,,1200,187000
541,5,1110,1978-10-21,01:20:58,inspection,77161,145,145,,100,187100
542,5,1110,1978-10-29,02:12:41,inspection,77354,338,192,,100,187200
543,5,1110,1978-11-01,11:27:26,failure,77435,419,81,,1200,188400
544,5,1111,1978-11-05,10:38:12,inspection,77530,95,95,,100,188500
545,5,1111,1978-11-13,07:57:19,inspection,77719,284,189,,100,188600
546,5,1111,1978-11-23,12:59:54,inspection,77964,529,245,,100,188700
547,5,1111,1978-11-30,03:23:33,failure,78123,687,158,,1200,189900
548,5,1112,1978-11-30,06:37:40,inspection,78126,3,3,,100,190000
549,5,1112,1978-12-09,04:52:43,inspection,78340,217,214,,100,190100
550,5,1112,1978-12-14,17:45:00,inspection,78473,350,132,,100,190200
551,5,1112,1978-12-22,03:58:46,inspection,78651,528,178,,100,190300
552,5,1112,1978-12-24,21:26:34,failure,78717,594,65,,1200,191500
553,5,1113,1978-12-28,19:45:32,inspection,78811,94,94,,100,191600
554,5,1113,1979-01-05,10:07:49,inspection,78994,276,182,,100,191700
555,5,1113,1979-01-13,06:11:31,inspection,79182,464,188,,100,191800
556,5,1113,1979-01-21,17:50:23,replacement,79385,668,203,True,1000,192800
557,5,1114,1979-01-28,04:51:07,inspection,79540,155,155,,100,192900
558,5,1114,1979-02-05,14:47:43,inspection,79742,356,201,,100,193000
559,5,1114,1979-02-11,22:03:00,inspection,79894,508,151,,100,193100
560,5,1114,1979-02-18,11:58:18,replacement,80051,666,157,True,1000,194100
561,5,1115,1979-02-25,05:45:57,inspection,80213,161,161,,100,194200
562,5,1115,1979-03-04,10:18:53,inspection,80386,334,172,,100,194300
563,5,1115,1979-03-07,21:09:42,inspection,80469,417,82,,100,194400
564,5,1115,1979-03-15,09:33:46,failure,80649,597,180,,1200,195600
565,5,1116,1979-03-18,03:10:25,inspection,80715,65,65,,100,195700
566,5,1116,1979-03-24,15:07:52,inspection,80871,221,155,,100,195800
567,5,1116,1979-03-30,01:11:25,failure,81001,351,130,,1200,197000
568,5,1117,1979-03-30,11:34:03,inspection,81011,10,10,,100,197100
569,5,1117,1979-04-05,22:29:06,inspection,81166,165,154,,100,197200
570,5,1117,1979-04-12,08:51:50,inspection,81320,319,154,,100,197300
571,5,1117,1979-04-21,06:42:20,inspection,81534,533,213,,100,197400
572,5,1117,1979-04-29,19:27:07,replacement,81739,738,204,True,1000,198400
573,5,1118,1979-05-07,20:03:05,inspection,81932,192,192,,100,198500
574,5,1118,1979-05-14,13:37:21,inspection,82093,354,161,,100,198600
575,5,1118,1979-05-15,06:29:35,failure,82110,371,16,,1200,199800
576,5,1119,1979-05-21,18:59:38,inspection,82266,156,156,,100,199900
577,5,1119,1979-05-27,18:31:37,inspection,82410,300,143,,100,200000
578,5,1119,1979-06-04,11:01:31,inspection,82595,484,184,,100,200100
579,5,1119,1979-06-11,03:11:35,replacement,82755,644,160,True,1000,201100
580,5,1120,1979-06-17,22:00:56,inspection,82918,162,162,,100,201200
581,5,1120,1979-06-22,05:54:42,failure,83021,266,103,,1200,202400
582,5,1121,1979-06-23,07:25:36,inspection,83047,25,25,,100,202500
583,5,1121,1979-07-01,23:11:44,inspection,83255,233,207,,100,202600
584,5,1121,1979-07-08,12:01:57,inspection,83412,390,156,,100,202700
585,5,1121,1979-07-15,03:58:04,failure,83571,550,159,,1200,203900
586,5,1122,1979-07-18,05:30:50,inspection,83645,73,73,,100,204000
587,5,1122,1979-07-25,18:23:50,inspection,83826,254,180,,100,204100
588,5,1122,1979-08-01,21:16:07,inspection,83997,425,170,,100,204200
589,5,1122,1979-08-07,14:16:59,inspection,84134,562,137,,100,204300
590,5,1122,1979-08-12,14:41:28,inspection,84254,682,120,,100,204400
591,5,1122,1979-08-20,17:17:54,replacement,84449,877,194,True,1000,205400
592,5,1123,1979-08-28,13:51:02,inspection,84637,188,188,,100,205500
593,5,1123,1979-09-03,10:31:29,inspection,84778,329,140,,100,205600
594,5,1123,1979-09-10,23:49:29,replacement,84959,510,181,False,1000,206600
595,5,1124,1979-09-17,17:34:06,inspection,85121,161,161,,100,206700
596,5,1124,1979-09-26,05:00:17,inspection,85325,365,203,,100,206800
597,5,1124,1979-10-01,23:38:27,failure,85463,503,138,,1200,208000
598,5,1125,1979-10-02,17:19:56,inspection,85481,17,17,,100,208100
599,5,1125,1979-10-10,03:04:57,inspection,85659,195,177,,100,208200
600,5,1125,1979-10-15,04:18:34,inspection,85780,316,121,,100,208300
601,5,1125,1979-10-22,05:16:56,inspection,85949,485,168,,100,208400
602,5,1125,1979-10-29,05:26:21,replacement,86117,653,168,True,1000,209400
603,5,1126,1979-11-06,20:16:22,inspection,86324,206,206,,100,209500
604,5,1126,1979-11-14,10:21:24,inspection,86506,388,182,,100,209600
605,5,1126,1979-11-19,04:35:32,failure,86620,503,114,,1200,210800
606,5,1127,1979-11-20,16:23:27,inspection,86656,35,35,,100,210900
607,5,1127,1979-11-26,08:44:24,inspection,86792,172,136,,100,211000
608,5,1127,1979-12-04,15:24:41,inspection,86991,370,198,,100,211100
609,5,1127,1979-12-11,17:41:21,replacement,87161,541,170,False,1000,212100
610,5,1128,1979-12-16,21:51:53,inspection,87285,124,124,,100,212200
611,5,1128,1979-12-25,21:29:39,inspection,87501,339,215,,100,212300
612,5,1128,1980-01-02,13:22:59,inspection,87685,523,183,,100,212400
613,5,1128,1980-01-04,17:50:08,failure,87737,576,52,,1200,213600
614,5,1129,1980-01-10,22:59:17,inspection,87886,149,149,,100,213700
615,5,1129,1980-01-17,20:04:48,failure,88052,314,165,,1200,214900
616,5,1130,1980-01-19,00:34:13,inspection,88080,28,28,,100,215000
617,5,1130,1980-01-24,03:54:45,inspection,88203,151,123,,100,215100
618,5,1130,1980-01-29,08:21:35,inspection,88328,276,124,,100,215200
619,5,1130,1980-02-06,17:14:15,inspection,88529,477,200,,100,215300
620,5,1130,1980-02-13,04:19:52,replacement,88684,632,155,False,1000,216300
621,5,1131,1980-02-20,22:50:16,inspection,88870,186,186,,100,216400
622,5,1131,1980-02-28,16:27:28,inspection,89056,372,185,,100,216500
623,5,1131,1980-03-06,23:03:14,inspection,89231,546,174,,100,216600
624,5,1131,1980-03-08,07:22:36,failure,89263,579,32,,1200,217800
625,5,1132,1980-03-13,00:25:09,inspection,89376,113,113,,100,217900
626,5,1132,1980-03-19,05:33:20,inspection,89525,262,149,,100,218000
627,5,1132,1980-03-25,06:18:39,inspection,89670,406,144,,100,218100
628,5,1132,1980-03-25,19:55:14,failure,89683,420,13,,1200,219300
629,5,1133,1980-04-01,21:02:04,inspection,89853,169,169,,100,219400
630,5,1133,1980-04-07,22:36:02,inspection,89998,314,145,,100,219500
631,5,1133,1980-04-14,07:59:37,inspection,90151,468,153,,100,219600
632,5,1133,1980-04-21,02:57:03,inspection,90314,631,162,,100,219700
633,5,1133,1980-04-28,16:29:56,replacement,90496,812,181,True,1000,220700
634,5,1134,1980-05-06,11:11:05,inspection,90683,186,186,,100,220800
635,5,1134,1980-05-12,06:11:26,inspection,90822,325,139,,100,220900
636,5,1134,1980-05-17,22:18:58,inspection,90958,461,136,,100,221000
637,5,1134,1980-05-25,11:22:37,inspection,91139,642,181,,100,221100
638,5,1134,1980-05-30,14:55:48,replacement,91262,766,123,True,1000,222100
639,5,1135,1980-06-04,22:14:34,inspection,91390,127,127,,100,222200
640,5,1135,1980-06-11,18:36:43,inspection,91554,291,164,,100,222300
641,5,1135,1980-06-19,03:36:54,inspection,91731,468,177,,100,222400
642,5,1135,1980-06-23,19:33:45,failure,91843,580,111,,1200,223600
643,5,1136,1980-06-24,17:40:11,inspection,91865,22,22,,100,223700
644,5,1136,1980-07-01,21:42:16,inspection,92037,194,172,,100,223800
645,5,1136,1980-07-09,04:08:56,inspection,92212,368,174,,100,223900
646,5,1136,1980-07-15,06:32:15,inspection,92358,514,146,,100,224000
647,5,1136,1980-07-22,10:11:17,inspection,92530,686,171,,100,224100
648,5,1136,1980-07-23,08:55:43,failure,92552,709,22,,1200,225300
649,5,1137,1980-07-28,19:11:06,inspection,92683,130,130,,100,225400
650,5,1137,1980-08-04,01:35:15,inspection,92833,280,150,,100,225500
651,5,1137,1980-08-11,07:18:34,inspection,93007,454,173,,100,225600
652,5,1137,1980-08-16,22:46:55,inspection,93142,589,135,,100,225700
653,5,1137,1980-08-24,03:29:23,replacement,93315,762,172,True,1000,226700
654,5,1138,1980-08-31,09:51:05,inspection,93489,174,174,,100,226800
655,5,1138,1980-09-07,02:44:38,inspection,93650,335,160,,100,226900
656,5,1138,1980-09-13,20:34:55,inspection,93812,497,161,,100,227000
657,5,1138,1980-09-21,00:53:10,inspection,93984,669,172,,100,227100
658,5,1138,1980-09-21,19:51:29,failure,94003,688,18,,1200,228300
659,5,1139,1980-09-28,03:47:19,inspection,94155,151,151,,100,228400
660,5,1139,1980-10-01,21:48:10,failure,94245,241,90,,1200,229600
661,5,1140,1980-10-05,06:04:20,inspection,94326,80,80,,100,229700
662,5,1140,1980-10-11,18:57:29,inspection,94482,237,156,,100,229800
663,5,1140,1980-10-18,06:10:05,inspection,94638,392,155,,100,229900
664,5,1140,1980-10-24,17:51:38,inspection,94793,548,155,,100,230000
665,5,1140,1980-10-26,18:24:59,failure,94842,596,48,,1200,231200
666,5,1141,1980-10-29,17:46:04,inspection,94913,71,71,,100,231300
667,5,1141,1980-11-05,12:48:46,inspection,95076,234,163,,100,231400
668,5,1141,1980-11-12,15:59:35,inspection,95247,405,171,,100,231500
669,5,1141,1980-11-19,22:09:10,inspection,95422,579,174,,100,231600
670,5,1141,1980-11-21,11:37:01,failure,95459,617,37,,1200,232800
671,5,1142,1980-11-25,17:43:15,inspection,95561,102,102,,100,232900
672,5,1142,1980-12-03,17:47:49,inspection,95753,294,192,,100,233000
673,5,1142,1980-12-07,19:06:47,failure,95851,391,97,,1200,234200
674,5,1143,1980-12-10,10:26:55,inspection,95914,63,63,,100,234300
675,5,1143,1980-12-19,01:00:25,inspection,96121,269,206,,100,234400
676,5,1143,1980-12-19,01:20:58,failure,96121,270,0,,1200,235600
677,5,1144,1980-12-25,10:39:23,inspection,96274,153,153,,100,235700
678,5,1144,1981-01-01,14:13:56,inspection,96446,324,171,,100,235800
679,5,1144,1981-01-09,00:55:54,inspection,96624,503,178,,100,235900
680,5,1144,1981-01-10,10:54:15,failure,96658,537,33,,1200,237100
681,5,1145,1981-01-16,02:49:48,inspection,96794,135,135,,100,237200
682,5,1145,1981-01-23,15:00:07,inspection,96975,316,180,,100,237300
683,5,1145,1981-01-31,00:24:49,inspection,97152,493,177,,100,237400
684,5,1145,1981-02-07,21:22:45,inspection,97341,682,188,,100,237500
685,5,1145,1981-02-14,11:39:04,replacement,97499,840,158,True,1000,238500
686,5,1146,1981-02-21,13:36:01,inspection,97669,169,169,,100,238600
687,5,1146,1981-02-28,23:23:42,inspection,97847,347,177,,100,238700
688,5,1146,1981-03-06,07:18:32,failure,97975,475,127,,1200,239900
689,5,1147,1981-03-08,17:48:44,inspection,98033,58,58,,100,240000
690,5,1147,1981-03-15,21:46:06,inspection,98205,230,171,,100,240100
691,5,1147,1981-03-22,10:00:46,inspection,98362,386,156,,100,240200
692,5,1147,1981-03-31,10:52:58,inspection,98578,603,216,,100,240300
693,5,1147,1981-04-06,06:15:14,replacement,98718,742,139,True,1000,241300
694,5,1148,1981-04-12,03:19:34,inspection,98859,141,141,,100,241400
695,5,1148,1981-04-18,22:04:16,inspection,99022,303,162,,100,241500
696,5,1148,1981-04-25,04:21:50,inspection,99172,454,150,,100,241600
697,5,1148,1981-05-02,01:41:26,replacement,99337,619,165,False,1000,242600
698,5,1149,1981-05-09,08:51:51,inspection,99512,175,175,,100,242700
699,5,1149,1981-05-17,10:44:09,inspection,99706,369,193,,100,242800
700,5,1149,1981-05-25,11:12:35,inspection,99899,561,192,,100,242900
701,5,1149,1981-05-28,14:36:05,failure,99974,636,75,,1200,244100
702,5,1150,1981-06-02,22:11:24,inspection,100102,127,127,,100,244200
703,5,1150,1981-06-08,01:45:59,inspection,100225,251,123,,100,244300
704,5,1150,1981-06-14,03:15:22,inspection,100371,396,145,,100,244400
705,5,1150,1981-06-20,10:19:03,inspection,100522,547,151,,100,244500
706,5,1150,1981-06-25,09:05:11,inspection,100641,666,118,,100,244600
707,5,1150,1981-07-02,03:22:20,failure,100803,828,162,,1200,245800
708,5,1151,1981-07-02,13:37:43,inspection,100813,10,10,,100,245900
709,5,1151,1981-07-09,18:25:04,inspection,100986,183,172,,100,246000
710,5,1151,1981-07-17,23:10:38,inspection,101183,379,196,,100,246100
711,5,1151,1981-07-24,19:37:13,inspection,101347,544,164,,100,246200
712,5,1151,1981-07-31,04:15:03,replacement,101500,696,152,True,1000,247200
713,5,1152,1981-08-07,04:13:42,inspection,101668,167,167,,100,247300
714,5,1152,1981-08-13,12:48:27,inspection,101820,320,152,,100,247400
715,5,1152,1981-08-17,13:48:03,failure,101917,417,96,,1200,248600
716,5,1153,1981-08-19,19:26:23,inspection,101971,53,53,,100,248700
717,5,1153,1981-08-27,21:35:19,inspection,102165,247,194,,100,248800
718,5,1153,1981-09-03,12:33:02,inspection,102324,406,158,,100,248900
719,5,1153,1981-09-08,03:35:46,failure,102435,517,111,,1200,250100
720,5,1154,1981-09-10,23:56:55,inspection,102503,68,68,,100,250200
721,5,1154,1981-09-18,14:19:21,inspection,102686,250,182,,100,250300
722,5,1154,1981-09-24,23:03:47,inspection,102839,403,152,,100,250400
723,5,1154,1981-10-02,01:55:29,failure,103009,574,170,,1200,251600
724,5,1155,1981-10-02,06:14:34,inspection,103014,4,4,,100,251700
725,5,1155,1981-10-08,18:28:53,inspection,103170,160,156,,100,251800
726,5,1155,1981-10-16,08:07:59,inspection,103352,342,181,,100,251900
727,5,1155,1981-10-20,21:40:04,inspection,103461,451,109,,100,252000
728,5,1155,1981-10-22,05:34:14,failure,103493,483,31,,1200,253200
729,5,1156,1981-10-27,19:30:25,inspection,103627,133,133,,100,253300
730,5,1156,1981-11-03,10:32:08,inspection,103786,292,159,,100,253400
731,5,1156,1981-11-10,04:39:20,inspection,103948,455,162,,100,253500
732,5,1156,1981-11-15,04:45:23,inspection,104068,575,120,,100,253600
733,5,1156,1981-11-21,00:58:58,replacement,104208,715,140,True,1000,254600
734,5,1157,1981-11-28,03:50:17,inspection,104379,170,170,,100,254700
735,5,1157,1981-12-04,05:05:20,failure,104525,316,145,,1200,255900
736,5,1158,1981-12-06,10:45:14,inspection,104578,53,53,,100,256000
737,5,1158,1981-12-13,11:43:10,inspection,104747,222,168,,100,256100
738,5,1158,1981-12-19,18:09:04,inspection,104898,373,150,,100,256200
739,5,1158,1981-12-24,10:48:49,failure,105010,485,112,,1200,257400
740,5,1159,1981-12-27,23:30:43,inspection,105095,84,84,,100,257500
741,5,1159,1982-01-04,09:14:34,inspection,105273,262,177,,100,257600
742,5,1159,1982-01-12,00:06:52,inspection,105456,445,182,,100,257700
743,5,1159,1982-01-18,22:16:28,inspection,105622,611,166,,100,257800
744,5,1159,1982-01-21,00:55:12,failure,105672,662,50,,1200,259000
745,5,1160,1982-01-25,02:08:14,inspection,105770,97,97,,100,259100
746,5,1160,1982-01-27,00:27:18,failure,105816,143,46,,1200,260300
747,5,1161,1982-01-30,15:23:39,inspection,105903,86,86,,100,260400
748,5,1161,1982-02-08,07:13:51,inspection,106111,294,207,,100,260500
749,5,1161,1982-02-14,13:14:01,inspection,106261,444,150,,100,260600
750,5,1161,1982-02-20,21:52:57,replacement,106413,597,152,False,1000,261600
751,5,1162,1982-03-02,01:29:23,inspection,106633,219,219,,100,261700
752,5,1162,1982-03-10,12:10:39,replacement,106836,422,202,False,1000,262700
753,5,1163,1982-03-16,06:44:53,inspection,106974,138,138,,100,262800
754,5,1163,1982-03-22,10:06:31,inspection,107122,285,147,,100,262900
755,5,1163,1982-03-31,07:27:46,inspection,107335,499,213,,100,263000
756,5,1163,1982-04-05,19:42:18,replacement,107467,631,132,False,1000,264000
757,5,1164,1982-04-12,12:58:35,inspection,107628,161,161,,100,264100
758,5,1164,1982-04-18,15:27:17,inspection,107775,307,146,,100,264200
759,5,1164,1982-04-24,20:23:01,inspection,107924,456,148,,100,264300
760,5,1164,1982-04-30,07:51:27,replacement,108055,588,131,False,1000,265300
761,5,1165,1982-05-08,21:08:13,inspection,108261,205,205,,100,265400
762,5,1165,1982-05-14,19:28:10,inspection,108403,347,142,,100,265500
763,5,1165,1982-05-22,21:15:00,inspection,108597,541,193,,100,265600
764,5,1165,1982-05-28,04:44:15,failure,108724,668,127,,1200,266800
765,5,1166,1982-05-28,15:13:23,inspection,108735,10,10,,100,266900
766,5,1166,1982-06-03,13:05:25,inspection,108877,152,141,,100,267000
767,5,1166,1982-06-11,16:34:12,inspection,109072,347,195,,100,267100
768,5,1166,1982-06-16,17:46:36,inspection,109193,469,121,,100,267200
769,5,1166,1982-06-20,09:17:54,failure,109281,556,87,,1200,268400
770,5,1167,1982-06-23,21:26:30,inspection,109365,84,84,,100,268500
771,5,1167,1982-06-30,18:21:04,inspection,109530,249,164,,100,268600
772,5,1167,1982-06-30,19:57:37,failure,109531,250,1,,1200,269800
773,5,1168,1982-07-07,18:36:12,inspection,109698,166,166,,100,269900
774,5,1168,1982-07-11,14:51:58,inspection,109790,258,92,,100,270000
775,5,1168,1982-07-19,19:08:53,inspection,109987,455,196,,100,270100
776,5,1168,1982-07-22,23:56:52,failure,110063,531,76,,1200,271300
777,5,1169,1982-07-24,19:11:19,inspection,110107,43,43,,100,271400
778,5,1169,1982-07-30,16:01:54,inspection,110248,184,140,,100,271500
779,5,1169,1982-08-07,00:51:22,inspection,110424,360,176,,100,271600
780,5,1169,1982-08-14,01:11:09,replacement,110593,529,168,False,1000,272600
781,5,1170,1982-08-21,02:09:25,inspection,110762,168,168,,100,272700
782,5,1170,1982-08-26,19:46:30,inspection,110899,306,137,,100,272800
783,5,1170,1982-08-31,22:09:19,failure,111022,428,122,,1200,274000
784,5,1171,1982-09-04,08:05:55,inspection,111104,81,81,,100,274100
785,5,1171,1982-09-12,13:40:05,inspection,111301,279,197,,100,274200
786,5,1171,1982-09-19,04:37:46,inspection,111460,438,158,,100,274300
787,5,1171,1982-09-26,05:12:20,replacement,111629,607,168,False,1000,275300
788,5,1172,1982-10-03,19:53:05,inspection,111811,182,182,,100,275400
789,5,1172,1982-10-11,08:33:31,inspection,111992,363,180,,100,275500
790,5,1172,1982-10-12,05:52:20,failure,112013,384,21,,1200,276700
791,5,1173,1982-10-18,05:48:23,inspection,112157,143,143,,100,276800
792,5,1173,1982-10-24,15:19:50,inspection,112311,297,153,,100,276900
793,5,1173,1982-11-01,20:38:07,inspection,112508,494,197,,100,277000
794,5,1173,1982-11-08,11:32:33,replacement,112667,653,158,True,1000,278000
795,5,1174,1982-11-15,13:08:54,inspection,112837,169,169,,100,278100
796,5,1174,1982-11-20,20:37:29,inspection,112964,297,127,,100,278200
797,5,1174,1982-11-27,10:58:19,inspection,113122,455,158,,100,278300
798,5,1174,1982-12-05,07:47:37,replacement,113311,644,188,True,1000,279300
799,5,1175,1982-12-09,22:33:57,inspection,113422,110,110,,100,279400
800,5,1175,1982-12-15,19:41:48,inspection,113563,251,141,,100,279500
801,5,1175,1982-12-21,05:28:53,failure,113693,381,129,,1200,280700
802,5,1176,1982-12-22,13:51:48,inspection,113725,32,32,,100,280800
803,5,1176,1982-12-30,06:43:37,inspection,113910,217,184,,100,280900
804,5,1176,1983-01-05,23:05:04,inspection,114071,377,160,,100,281000
805,5,1176,1983-01-13,12:46:19,inspection,114252,559,181,,100,281100
806,5,1176,1983-01-14,23:02:25,failure,114287,593,34,,1200,282300
807,5,1177,1983-01-19,11:38:36,inspection,114395,108,108,,100,282400
808,5,1177,1983-01-24,17:20:24,inspection,114521,234,125,,100,282500
809,5,1177,1983-02-01,04:31:24,inspection,114700,413,179,,100,282600
810,5,1177,1983-02-03,17:05:00,failure,114761,474,60,,1200,283800
811,5,1178,1983-02-08,00:51:23,inspection,114864,103,103,,100,283900
812,5,1178,1983-02-13,15:17:39,inspection,114999,238,134,,100,284000
813,5,1178,1983-02-21,13:02:19,inspection,115189,427,189,,100,284100
814,5,1178,1983-02-24,14:12:50,failure,115262,501,73,,1200,285300
815,5,1179,1983-03-01,12:48:32,inspection,115380,118,118,,100,285400
816,5,1179,1983-03-08,13:41:47,inspection,115549,287,168,,100,285500
817,5,1179,1983-03-14,13:22:00,inspection,115693,431,143,,100,285600
818,5,1179,1983-03-19,07:16:39,failure,115807,545,113,,1200,286800
819,5,1180,1983-03-21,00:54:43,inspection,115848,41,41,,100,286900
820,5,1180,1983-03-28,15:04:47,inspection,116031,223,182,,100,287000
821,5,1180,1983-04-05,10:02:43,inspection,116218,410,186,,100,287100
822,5,1180,1983-04-13,06:06:49,inspection,116406,598,188,,100,287200
823,5,1180,1983-04-19,09:13:18,inspection,116553,745,147,,100,287300
824,5,1180,1983-04-19,14:21:06,failure,116558,751,5,,1200,288500
825,5,1181,1983-04-25,20:43:20,inspection,116708,150,150,,100,288600
826,5,1181,1983-05-02,17:50:58,inspection,116873,315,165,,100,288700
827,5,1181,1983-05-09,13:56:11,inspection,117037,479,164,,100,288800
828,5,1181,1983-05-17,16:03:39,replacement,117232,673,194,True,1000,289800
829,5,1182,1983-05-25,01:06:36,inspection,117409,177,177,,100,289900
830,5,1182,1983-05-30,14:10:06,inspection,117542,310,133,,100,290000
831,5,1182,1983-05-30,16:29:19,failure,117544,312,2,,1200,291200
832,5,1183,1983-06-07,19:34:52,inspection,117739,195,195,,100,291300
833,5,1183,1983-06-14,13:39:14,inspection,117901,357,162,,100,291400
834,5,1183,1983-06-21,02:36:41,inspection,118058,514,156,,100,291500
835,5,1183,1983-06-28,19:29:24,replacement,118243,699,184,True,1000,292500
836,5,1184,1983-07-04,12:17:40,inspection,118380,136,136,,100,292600
837,5,1184,1983-07-11,06:50:22,inspection,118542,299,162,,100,292700
838,5,1184,1983-07-19,19:01:57,inspection,118747,503,204,,100,292800
839,5,1184,1983-07-27,06:05:40,replacement,118926,682,179,True,1000,293800
840,5,1185,1983-08-03,18:13:09,inspection,119106,180,180,,100,293900
841,5,1185,1983-08-12,02:44:09,inspection,119306,380,200,,100,294000
842,5,1185,1983-08-17,11:16:42,failure,119435,509,128,,1200,295200
843,5,1186,1983-08-18,06:36:00,inspection,119454,19,19,,100,295300
844,5,1186,1983-08-24,10:52:33,inspection,119602,167,148,,100,295400
845,5,1186,1983-09-01,11:58:01,inspection,119795,360,193,,100,295500
846,5,1186,1983-09-02,15:35:58,failure,119823,388,27,,1200,296700
847,5,1187,1983-09-08,15:01:56,inspection,119967,143,143,,100,296800
848,5,1187,1983-09-16,05:07:15,inspection,120149,325,182,,100,296900
849,5,1187,1983-09-21,15:35:29,failure,120279,455,130,,1200,298100
850,5,1188,1983-09-22,04:56:18,inspection,120292,13,13,,100,298200
851,5,1188,1983-09-29,18:13:38,failure,120474,194,181,,1200,299400
852,5,1189,1983-09-30,04:13:49,inspection,120484,10,10,,100,299500
853,5,1189,1983-10-07,19:24:03,inspection,120667,193,183,,100,299600
854,5,1189,1983-10-13,19:11:23,inspection,120811,336,143,,100,299700
855,5,1189,1983-10-17,18:18:40,failure,120906,432,95,,1200,300900
856,5,1190,1983-10-19,10:47:48,inspection,120946,40,40,,100,301000
857,5,1190,1983-10-26,09:37:42,inspection,121113,207,166,,100,301100
858,5,1190,1983-11-01,11:15:12,inspection,121259,352,145,,100,301200
859,5,1190,1983-11-07,20:50:28,inspection,121412,506,153,,100,301300
860,5,1190,1983-11-12,22:03:09,failure,121534,627,121,,1200,302500
861,5,1191,1983-11-13,13:13:26,inspection,121549,15,15,,100,302600
862,5,1191,1983-11-20,09:07:25,inspection,121713,179,163,,100,302700
863,5,1191,1983-11-27,08:46:31,inspection,121880,346,167,,100,302800
864,5,1191,1983-12-05,03:45:21,inspection,122067,533,186,,100,302900
865,5,1191,1983-12-11,17:27:52,inspection,122225,691,157,,100,303000
866,5,1191,1983-12-19,11:23:08,failure,122411,877,185,,1200,304200
867,5,1192,1983-12-20,02:12:45,inspection,122426,14,14,,100,304300
868,5,1192,1983-12-27,00:01:46,inspection,122592,180,165,,100,304400
869,5,1192,1984-01-04,10:05:46,inspection,122794,382,202,,100,304500
870,5,1192,1984-01-13,06:42:48,replacement,123006,595,212,False,1000,305500
871,5,1193,1984-01-22,01:37:17,inspection,123217,210,210,,100,305600
872,5,1193,1984-01-28,15:17:10,inspection,123375,368,157,,100,305700
873,5,1193,1984-02-04,10:28:29,inspection,123538,531,163,,100,305800
874,5,1193,1984-02-04,17:59:18,failure,123545,539,7,,1200,307000
875,5,1194,1984-02-11,12:16:39,inspection,123708,162,162,,100,307100
876,5,1194,1984-02-12,19:16:18,failure,123739,193,30,,1200,308300
877,5,1195,1984-02-17,16:16:22,inspection,123856,117,117,,100,308400
878,5,1195,1984-02-25,17:30:11,inspection,124049,310,193,,100,308500
879,5,1195,1984-03-02,04:51:39,inspection,124180,441,131,,100,308600
880,5,1195,1984-03-09,18:05:01,inspection,124362,622,181,,100,308700
881,5,1195,1984-03-17,14:47:29,replacement,124550,811,188,True,1000,309700
882,5,1196,1984-03-25,13:54:26,inspection,124741,191,191,,100,309800
883,5,1196,1984-03-29,05:13:25,failure,124829,278,87,,1200,311000
884,5,1197,1984-04-03,05:05:07,inspection,124949,119,119,,100,311100
885,5,1197,1984-04-10,00:09:54,inspection,125112,282,163,,100,311200
886,5,1197,1984-04-12,20:23:44,failure,125180,351,68,,1200,312400
887,5,1198,1984-04-18,07:44:12,inspection,125311,131,131,,100,312500
888,5,1198,1984-04-26,07:54:44,inspection,125503,323,192,,100,312600
889,5,1198,1984-05-02,02:30:32,inspection,125642,462,138,,100,312700
890,5,1198,1984-05-08,10:33:38,inspection,125794,614,152,,100,312800
891,5,1198,1984-05-10,19:30:55,failure,125851,671,56,,1200,314000
892,5,1199,1984-05-13,22:40:18,inspection,125926,75,75,,100,314100
893,5,1199,1984-05-22,07:38:09,inspection,126127,276,200,,100,314200
894,5,1199,1984-05-29,20:23:53,inspection,126308,456,180,,100,314300
895,5,1199,1984-06-06,05:39:29,failure,126485,634,177,,1200,315500
896,5,1200,1984-06-06,11:05:49,inspection,126491,5,5,,100,315600
897,5,1200,1984-06-14,14:24:27,inspection,126686,200,195,,100,315700
898,5,1200,1984-06-22,13:01:54,inspection,126877,391,190,,100,315800
899,5,1200,1984-06-30,21:42:14,inspection,127077,592,200,,100,315900
900,5,1200,1984-07-06,23:53:43,replacement,127223,738,146,True,1000,316900
901,5,1201,1984-07-14,23:30:38,inspection,127415,191,191,,100,317000
902,5,1201,1984-07-22,06:37:38,inspection,127590,366,175,,100,317100
903,5,1201,1984-07-26,10:10:07,failure,127690,466,99,,1200,318300
904,5,1202,1984-07-28,09:07:28,inspection,127737,46,46,,100,318400
905,5,1202,1984-08-04,04:36:49,inspection,127900,210,163,,100,318500
906,5,1202,1984-08-11,01:24:37,inspection,128065,375,164,,100,318600
907,5,1202,1984-08-15,16:27:31,inspection,128176,486,111,,100,318700
908,5,1202,1984-08-23,06:44:28,inspection,128358,668,182,,100,318800
909,5,1202,1984-08-30,00:41:16,replacement,128520,830,161,True,1000,319800
910,5,1203,1984-09-05,21:32:00,inspection,128685,164,164,,100,319900
911,5,1203,1984-09-12,11:45:16,inspection,128843,323,158,,100,320000
912,5,1203,1984-09-20,02:23:19,inspection,129026,505,182,,100,320100
913,5,1203,1984-09-23,19:31:14,failure,129115,594,89,,1200,321300
914,5,1204,1984-09-25,15:45:29,inspection,129159,44,44,,100,321400
915,5,1204,1984-10-03,04:18:35,inspection,129340,224,180,,100,321500
916,5,1204,1984-10-11,02:03:41,inspection,129530,414,189,,100,321600
917,5,1204,1984-10-17,22:38:19,inspection,129694,579,164,,100,321700
918,5,1204,1984-10-26,03:24:10,replacement,129891,775,196,True,1000,322700
919,5,1205,1984-11-01,14:23:18,inspection,130046,154,154,,100,322800
920,5,1205,1984-11-09,19:16:34,inspection,130243,351,196,,100,322900
921,5,1205,1984-11-17,21:45:04,inspection,130437,546,194,,100,323000
922,5,1205,1984-11-26,11:23:58,replacement,130643,751,205,True,1000,324000
923,5,1206,1984-12-05,08:01:17,inspection,130856,212,212,,100,324100
924,5,1206,1984-12-09,17:41:41,inspection,130961,318,105,,100,324200
925,5,1206,1984-12-16,14:33:10,inspection,131126,483,164,,100,324300
926,5,1206,1984-12-22,22:04:35,failure,131278,634,151,,1200,325500
927,5,1207,1984-12-23,09:30:24,inspection,131289,11,11,,100,325600
928,5,1207,1984-12-30,12:25:57,inspection,131460,182,170,,100,325700
929,5,1207,1985-01-05,03:25:18,failure,131595,317,134,,1200,326900
930,5,1208,1985-01-06,17:34:48,inspection,131633,38,38,,100,327000
931,5,1208,1985-01-14,16:19:14,inspection,131824,228,190,,100,327100
932,5,1208,1985-01-21,09:15:18,inspection,131985,389,160,,100,327200
933,5,1208,1985-01-27,06:50:52,inspection,132126,531,141,,100,327300
934,5,1208,1985-02-04,00:02:29,replacement,132312,716,185,True,1000,328300
935,5,1209,1985-02-08,19:50:22,inspection,132427,115,115,,100,328400
936,5,1209,1985-02-16,07:56:32,inspection,132607,295,180,,100,328500
937,5,1209,1985-02-23,20:40:09,inspection,132788,476,180,,100,328600
938,5,1209,1985-02-25,15:19:01,failure,132831,519,42,,1200,329800
939,5,1210,1985-03-02,17:16:07,inspection,132953,121,121,,100,329900
940,5,1210,1985-03-10,14:51:25,inspection,133142,311,189,,100,330000
941,5,1210,1985-03-18,21:58:18,inspection,133341,510,199,,100,330100
942,5,1210,1985-03-24,06:50:34,replacement,133470,639,128,True,1000,331100
943,5,1211,1985-03-31,03:38:59,inspection,133635,164,164,,100,331200
944,5,1211,1985-04-05,16:20:25,inspection,133768,297,132,,100,331300
945,5,1211,1985-04-11,13:22:32,inspection,133909,438,141,,100,331400
946,5,1211,1985-04-20,06:12:51,replacement,134118,647,208,True,1000,332400
947,5,1212,1985-04-26,21:14:16,inspection,134277,159,159,,100,332500
948,5,1212,1985-05-05,05:05:33,inspection,134477,358,199,,100,332600
949,5,1212,1985-05-12,22:48:26,inspection,134662,544,185,,100,332700
950,5,1212,1985-05-17,05:56:28,failure,134765,647,103,,1200,333900
951,5,1213,1985-05-19,02:22:28,inspection,134810,44,44,,100,334000
952,5,1213,1985-05-25,17:32:52,inspection,134969,203,159,,100,334100
953,5,1213,1985-05-31,02:31:11,inspection,135098,332,128,,100,334200
954,5,1213,1985-06-08,04:14:30,inspection,135292,526,193,,100,334300
955,5,1213,1985-06-12,11:55:18,failure,135395,629,103,,1200,335500
956,5,1214,1985-06-15,07:51:25,inspection,135463,67,67,,100,335600
957,5,1214,1985-06-18,19:50:48,failure,135547,151,83,,1200,336800
958,5,1215,1985-06-22,07:34:34,inspection,135631,83,83,,100,336900
959,5,1215,1985-06-29,14:31:33,inspection,135806,258,174,,100,337000
960,5,1215,1985-07-06,02:46:53,inspection,135962,414,156,,100,337100
961,5,1215,1985-07-13,01:41:48,replacement,136129,581,166,False,1000,338100
962,5,1216,1985-07-19,17:09:05,inspection,136289,159,159,,100,338200
963,5,1216,1985-07-28,11:13:57,inspection,136499,369,210,,100,338300
964,5,1216,1985-08-03,16:45:30,inspection,136648,519,149,,100,338400
965,5,1216,1985-08-04,20:24:43,failure,136676,546,27,,1200,339600
966,5,1217,1985-08-09,14:26:17,inspection,136790,114,114,,100,339700
967,5,1217,1985-08-16,08:45:57,inspection,136952,276,162,,100,339800
968,5,1217,1985-08-23,04:31:17,inspection,137116,440,163,,100,339900
969,5,1217,1985-08-28,17:00:37,inspection,137249,572,132,,100,340000
970,5,1217,1985-09-05,15:04:15,replacement,137439,762,190,True,1000,341000
971,5,1218,1985-09-11,05:16:49,inspection,137573,134,134,,100,341100
972,5,1218,1985-09-18,07:38:42,inspection,137743,304,170,,100,341200
973,5,1218,1985-09-23,02:22:25,inspection,137858,419,114,,100,341300
974,5,1218,1985-09-28,21:09:55,inspection,137997,558,138,,100,341400
975,5,1218,1985-10-04,14:31:44,replacement,138134,695,137,True,1000,342400
976,5,1219,1985-10-09,19:02:41,inspection,138259,124,124,,100,342500
977,5,1219,1985-10-16,19:47:14,inspection,138427,293,168,,100,342600
978,5,1219,1985-10-24,16:52:41,inspection,138616,482,189,,100,342700
979,5,1219,1985-10-30,12:26:45,failure,138756,621,139,,1200,343900
980,5,1220,1985-10-31,11:04:18,inspection,138779,22,22,,100,344000
981,5,1220,1985-11-06,08:08:25,inspection,138920,163,141,,100,344100
982,5,1220,1985-11-11,09:42:43,inspection,139041,285,121,,100,344200
983,5,1220,1985-11-12,01:52:30,failure,139057,301,16,,1200,345400
984,5,1221,1985-11-18,08:31:06,inspection,139208,150,150,,100,345500
985,5,1221,1985-11-25,07:13:38,inspection,139375,317,166,,100,345600
986,5,1221,1985-11-28,04:34:59,failure,139444,386,69,,1200,346800
987,5,1222,1985-12-01,05:34:19,inspection,139517,72,72,,100,346900
988,5,1222,1985-12-07,23:43:48,inspection,139679,235,162,,100,347000
989,5,1222,1985-12-15,13:26:44,inspection,139861,416,181,,100,347100
990,5,1222,1985-12-20,19:26:56,failure,139987,542,126,,1200,348300
991,5,1223,1985-12-23,15:18:41,inspection,140055,67,67,,100,348400
992,5,1223,1985-12-31,10:17:55,inspection,140242,254,186,,100,348500
993,5,1223,1986-01-09,13:46:21,inspection,140461,474,219,,100,348600
994,5,1223,1986-01-15,19:50:26,replacement,140611,624,150,False,1000,349600
995,5,1224,1986-01-22,22:41:18,inspection,140782,170,170,,100,349700
996,5,1224,1986-01-29,19:30:48,inspection,140947,335,164,,100,349800
997,5,1224,1986-02-07,12:37:45,inspection,141156,544,209,,100,349900
998,5,1224,1986-02-09,01:12:13,failure,141193,581,36,,1200,351100
999,5,1225,1986-02-14,09:34:16,inspection,141321,128,128,,100,351200
